{"train_acc_step": 0.84375, "loss_step": 0.541017472743988, "epoch": 0, "trainer/global_step": 446, "_runtime": 181, "_timestamp": 1640189293, "_step": 95, "train_acc_epoch": 0.5862528085708618, "loss_epoch": 0.8709837794303894, "val_acc_step": 0.8125, "val_loss_step": 0.49089401960372925, "val_acc_epoch": 0.6909298896789551, "val_loss_epoch": 0.7204700112342834, "active_val_acc": 0.6909298896789551, "examples": 14244, "active_val_acc_epoch": 0.6909298896789551, "active_val_loss": 0.7204700112342834, "active_val_loss_epoch": 0.7204700112342834, "_wandb": {"runtime": 445}}