{"train_acc_step": 0.75, "loss_step": 0.8358879685401917, "epoch": 0, "trainer/global_step": 558, "_runtime": 188, "_timestamp": 1640114070, "_step": 139, "train_acc_epoch": 0.4152098000049591, "loss_epoch": 1.0776221752166748, "val_acc_step": 1.0, "val_loss_step": 0.1812574863433838, "val_acc_epoch": 0.6625000238418579, "val_loss_epoch": 0.7976170778274536, "active_val_acc": 0.6625000238418579, "examples": 2276, "active_val_acc_epoch": 0.6625000238418579, "active_val_loss": 0.7976170778274536, "active_val_loss_epoch": 0.7976170778274536, "test_acc_step": 0.0, "test_loss_step": 1.396189570426941, "test_acc_epoch": 0.42500001192092896, "test_loss_epoch": 1.114449143409729, "_wandb": {"runtime": 189}}