{"train_acc_step": 0.5625, "loss_step": 1.0196644067764282, "epoch": 0, "trainer/global_step": 23, "_runtime": 26, "_timestamp": 1640166496, "_step": 12, "train_acc_epoch": 0.33423912525177, "loss_epoch": 1.1338096857070923, "val_acc_step": 0.0, "val_loss_step": 1.1020587682724, "val_acc_epoch": 0.2750000059604645, "val_loss_epoch": 1.094999074935913, "active_val_acc": 0.2750000059604645, "examples": 356, "active_val_acc_epoch": 0.2750000059604645, "active_val_loss": 1.094999074935913, "active_val_loss_epoch": 1.094999074935913, "_wandb": {"runtime": 81}}