{"train_acc_step": 0.625, "loss_step": 0.896216630935669, "epoch": 0, "trainer/global_step": 223, "_runtime": 92, "_timestamp": 1641994853, "_step": 825, "train_acc_epoch": 0.45618459582328796, "loss_epoch": 1.0325487852096558, "val_acc_step": 1.0, "val_loss_step": 0.33816802501678467, "val_acc_epoch": 0.6212469339370728, "val_loss_epoch": 0.8419398665428162, "active_val_acc": 0.6212469339370728, "examples": 3561, "active_val_acc_epoch": 0.6212469339370728, "active_val_loss": 0.8419398665428162, "active_val_loss_epoch": 0.8419398665428162}