{"train_acc_step": 0.75, "loss_step": 0.6105554103851318, "epoch": 0, "trainer/global_step": 1925, "_runtime": 2655, "_timestamp": 1641993635, "_step": 192, "train_acc_epoch": 0.7410998344421387, "loss_epoch": 0.6362468600273132, "val_acc_step": 0.6666666865348816, "val_loss_step": 0.7498080134391785, "val_acc_epoch": 0.7172619700431824, "val_loss_epoch": 0.6890503764152527, "active_val_acc": 0.7172619700431824, "examples": 22791, "active_val_acc_epoch": 0.7172619700431824, "active_val_loss": 0.6890503764152527, "active_val_loss_epoch": 0.6890503764152527, "test_acc_step": 0.703703761100769, "test_loss_step": 0.6443054676055908, "test_acc_epoch": 0.6827050447463989, "test_loss_epoch": 0.7514704465866089, "_wandb": {"runtime": 2657}}