{"train_acc_step": 0.375, "loss_step": 1.1163991689682007, "epoch": 0, "trainer/global_step": 49, "_runtime": 177, "_timestamp": 1640166800, "_step": 38, "train_acc_epoch": 0.35249999165534973, "loss_epoch": 1.1203231811523438, "val_acc_step": 1.0, "val_loss_step": 0.9160242080688477, "val_acc_epoch": 0.5625, "val_loss_epoch": 1.029572606086731, "active_val_acc": 0.5625, "examples": 388, "active_val_acc_epoch": 0.5625, "active_val_loss": 1.029572606086731, "active_val_loss_epoch": 1.029572606086731}