{"train_acc_epoch": 0.3164682686328888, "loss_epoch": 1.1627048254013062, "epoch": 0, "trainer/global_step": 30, "_runtime": 94, "_timestamp": 1640168685, "_step": 37, "val_acc_step": 0.1666666716337204, "val_loss_step": 1.1825642585754395, "val_acc_epoch": 0.1666666716337204, "val_loss_epoch": 1.1825642585754395, "active_val_acc": 0.1666666716337204, "examples": 135, "active_val_acc_epoch": 0.1666666716337204, "active_val_loss": 1.1825642585754395, "active_val_loss_epoch": 1.1825642585754395, "train_acc_step": 0.2857142984867096, "loss_step": 1.2004070281982422}