{"train_acc_step": 0.625, "loss_step": 0.679780900478363, "epoch": 0, "trainer/global_step": 899, "_runtime": 394, "_timestamp": 1641995515, "_step": 1661, "train_acc_epoch": 0.664935827255249, "loss_epoch": 0.7757510542869568, "val_acc_step": 1.0, "val_loss_step": 0.16143633425235748, "val_acc_epoch": 0.625, "val_loss_epoch": 0.8508001565933228, "active_val_acc": 0.625, "examples": 6766, "active_val_acc_epoch": 0.625, "active_val_loss": 0.8508001565933228, "active_val_loss_epoch": 0.8508001565933228}