{"train_acc_step": 0.6666666865348816, "loss_step": 0.8196852207183838, "epoch": 0, "trainer/global_step": 297, "_runtime": 101, "_timestamp": 1640362654, "_step": 65, "train_acc_epoch": 0.5688832998275757, "loss_epoch": 0.8968499898910522, "val_acc_step": 0.75, "val_loss_step": 0.5780386328697205, "val_acc_epoch": 0.6659091114997864, "val_loss_epoch": 0.7798389792442322, "active_val_acc": 0.6659091114997864, "examples": 7122, "active_val_acc_epoch": 0.6659091114997864, "active_val_loss": 0.7798389792442322, "active_val_loss_epoch": 0.7798389792442322, "_wandb": {"runtime": 116}}