{"train_acc_step": 0.4375, "loss_step": 1.1022475957870483, "epoch": 0, "trainer/global_step": 159, "_runtime": 509, "_timestamp": 1640165882, "_step": 99, "train_acc_epoch": 0.4094827473163605, "loss_epoch": 1.1075936555862427, "val_acc_step": 1.0, "val_loss_step": 1.054905652999878, "val_acc_epoch": 0.5249999761581421, "val_loss_epoch": 1.0780971050262451, "active_val_acc": 0.5249999761581421, "examples": 452, "active_val_acc_epoch": 0.5249999761581421, "active_val_loss": 1.0780971050262451, "active_val_loss_epoch": 1.0780971050262451, "test_acc_step": 0.0, "test_loss_step": 1.1300842761993408, "test_acc_epoch": 0.375, "test_loss_epoch": 1.1077983379364014, "_wandb": {"runtime": 510}}