{"active_val_acc": 0.6841299533843994, "examples": 27064, "_runtime": 569, "_timestamp": 1641998844, "_step": 7, "active_val_acc_epoch": 0.6841299533843994, "active_val_loss": 0.7714825868606567, "active_val_loss_epoch": 0.7714825868606567}