{"train_acc_step": 0.5, "loss_step": 0.8539110422134399, "epoch": 0, "trainer/global_step": 223, "_runtime": 51, "_timestamp": 1640105574, "_step": 64, "train_acc_epoch": 0.45618459582328796, "loss_epoch": 1.0325487852096558, "val_acc_step": 0.6666666865348816, "val_loss_step": 0.7435294985771179, "val_acc_epoch": 0.6458333134651184, "val_loss_epoch": 0.7947545647621155, "_wandb": {"runtime": 51}}