{"train_acc_step": 0.7708333730697632, "loss_step": 0.6132079362869263, "epoch": 0, "trainer/global_step": 297, "_runtime": 146, "_timestamp": 1641989686, "_step": 65, "train_acc_epoch": 0.5905349850654602, "loss_epoch": 0.8661012053489685, "val_acc_step": 0.6111111640930176, "val_loss_step": 0.6843924522399902, "val_acc_epoch": 0.6743687987327576, "val_loss_epoch": 0.7193864583969116, "active_val_acc": 0.6743687987327576, "examples": 14244, "active_val_acc_epoch": 0.6743687987327576, "active_val_loss": 0.7193864583969116, "active_val_loss_epoch": 0.7193864583969116}