{"train_acc_step": 0.3125, "loss_step": 1.1145007610321045, "epoch": 0, "trainer/global_step": 239, "_runtime": 114, "_timestamp": 1640111778, "_step": 69, "train_acc_epoch": 0.34337350726127625, "loss_epoch": 1.1129318475723267, "val_acc_step": 0.0, "val_loss_step": 1.0971721410751343, "val_acc_epoch": 0.3499999940395355, "val_loss_epoch": 1.0863749980926514, "active_val_acc": 0.3499999940395355, "examples": 1316, "active_val_acc_epoch": 0.3499999940395355, "active_val_loss": 1.0863749980926514, "active_val_loss_epoch": 1.0863749980926514}