{"train_acc_step": 0.8333333730697632, "loss_step": 0.4297928810119629, "epoch": 0, "trainer/global_step": 861, "_runtime": 609, "_timestamp": 1641998844, "_step": 572, "train_acc_epoch": 0.7853713035583496, "loss_epoch": 0.5376695394515991, "val_acc_step": 0.75, "val_loss_step": 0.6740800142288208, "val_acc_epoch": 0.6841299533843994, "val_loss_epoch": 0.7714825868606567, "active_val_acc": 0.6841299533843994, "examples": 27064, "active_val_acc_epoch": 0.6841299533843994, "active_val_loss": 0.7714825868606567, "active_val_loss_epoch": 0.7714825868606567}