{"train_acc_step": 0.7708333730697632, "loss_step": 0.6132079362869263, "epoch": 0, "trainer/global_step": 297, "_runtime": 155, "_timestamp": 1641999631, "_step": 282, "train_acc_epoch": 0.5905349850654602, "loss_epoch": 0.8661012053489685, "val_acc_step": 0.8611111044883728, "val_loss_step": 0.46261486411094666, "val_acc_epoch": 0.675423800945282, "val_loss_epoch": 0.726819634437561, "active_val_acc": 0.675423800945282, "examples": 14244, "active_val_acc_epoch": 0.675423800945282, "active_val_loss": 0.726819634437561, "active_val_loss_epoch": 0.726819634437561}