{"train_acc_step": 0.1875, "loss_step": 1.188336730003357, "epoch": 0, "trainer/global_step": 159, "_runtime": 159, "_timestamp": 1640166208, "_step": 99, "train_acc_epoch": 0.38793104887008667, "loss_epoch": 1.1097644567489624, "val_acc_step": 0.0, "val_loss_step": 1.0886256694793701, "val_acc_epoch": 0.42500001192092896, "val_loss_epoch": 1.0417442321777344, "active_val_acc": 0.42500001192092896, "examples": 452, "active_val_acc_epoch": 0.42500001192092896, "active_val_loss": 1.0417442321777344, "active_val_loss_epoch": 1.0417442321777344, "test_acc_step": 0.0, "test_loss_step": 1.1177394390106201, "test_acc_epoch": 0.26249998807907104, "test_loss_epoch": 1.0982269048690796, "_wandb": {"runtime": 160}}