{"train_acc_step": 0.375, "loss_step": 1.119867205619812, "epoch": 0, "trainer/global_step": 45, "_runtime": 31, "_timestamp": 1640172861, "_step": 18, "train_acc_epoch": 0.34861111640930176, "loss_epoch": 1.1118937730789185, "val_acc_step": 0.0, "val_loss_step": 1.1122827529907227, "val_acc_epoch": 0.3541666567325592, "val_loss_epoch": 1.09275221824646, "active_val_acc": 0.3541666567325592, "examples": 712, "active_val_acc_epoch": 0.3541666567325592, "active_val_loss": 1.09275221824646, "active_val_loss_epoch": 1.09275221824646, "_wandb": {"runtime": 32}}