{"train_acc_step": 0.4375, "loss_step": 1.0484201908111572, "epoch": 0, "trainer/global_step": 558, "_runtime": 195, "_timestamp": 1640114308, "_step": 139, "train_acc_epoch": 0.35882866382598877, "loss_epoch": 1.1168822050094604, "val_acc_step": 0.0, "val_loss_step": 1.4862436056137085, "val_acc_epoch": 0.30000001192092896, "val_loss_epoch": 1.1971008777618408, "active_val_acc": 0.30000001192092896, "examples": 2276, "active_val_acc_epoch": 0.30000001192092896, "active_val_loss": 1.1971008777618408, "active_val_loss_epoch": 1.1971008777618408, "test_acc_step": 0.0, "test_loss_step": 0.9892561435699463, "test_acc_epoch": 0.23749999701976776, "test_loss_epoch": 1.1400254964828491, "_wandb": {"runtime": 196}}