{"active_val_acc": 0.7167840600013733, "examples": 91164, "_runtime": 3399, "_timestamp": 1642003341, "_step": 27, "active_val_acc_epoch": 0.7167840600013733, "active_val_loss": 0.7008958458900452, "active_val_loss_epoch": 0.7008958458900452, "_wandb": {"runtime": 3414}}