{"train_acc_step": 0.5625, "loss_step": 0.7880632877349854, "epoch": 0, "trainer/global_step": 423, "_runtime": 139, "_timestamp": 1640105850, "_step": 153, "train_acc_epoch": 0.5365374684333801, "loss_epoch": 0.9431223273277283, "val_acc_step": 0.75, "val_loss_step": 0.6145027279853821, "val_acc_epoch": 0.6554877758026123, "val_loss_epoch": 0.7635974287986755, "active_val_acc": 0.6458333134651184, "examples": 3561, "active_val_acc_epoch": 0.6458333134651184, "active_val_loss": 0.7947545647621155, "active_val_loss_epoch": 0.7947545647621155, "_wandb": {"runtime": 139}}