{"train_acc_step": 0.9375, "loss_step": 0.2913307845592499, "epoch": 0, "trainer/global_step": 4452, "_runtime": 639, "_timestamp": 1640254484, "_step": 177, "train_acc_epoch": 0.7343555092811584, "loss_epoch": 0.6414931416511536, "val_acc_step": 0.75, "val_loss_step": 0.5621988773345947, "val_acc_epoch": 0.6402438879013062, "val_loss_epoch": 0.8397740721702576, "active_val_acc": 0.6402438879013062, "examples": 7122, "active_val_acc_epoch": 0.6402438879013062, "active_val_loss": 0.8397740721702576, "active_val_loss_epoch": 0.8397740721702576, "_wandb": {"runtime": 640}}