{"train_acc_step": 0.25, "loss_step": 1.184370517730713, "epoch": 0, "trainer/global_step": 189, "_runtime": 703, "_timestamp": 1640167846, "_step": 63, "train_acc_epoch": 0.34864458441734314, "loss_epoch": 1.108136534690857, "val_acc_step": 0.0, "val_loss_step": 1.0259454250335693, "val_acc_epoch": 0.4000000059604645, "val_loss_epoch": 1.0688940286636353, "active_val_acc": 0.4000000059604645, "examples": 1316, "active_val_acc_epoch": 0.4000000059604645, "active_val_loss": 1.0688940286636353, "active_val_loss_epoch": 1.0688940286636353}