{"train_acc_step": 0.625, "loss_step": 0.7829924821853638, "epoch": 0, "trainer/global_step": 558, "_runtime": 188, "_timestamp": 1640114778, "_step": 139, "train_acc_epoch": 0.44187062978744507, "loss_epoch": 1.04921293258667, "val_acc_step": 0.0, "val_loss_step": 1.3705382347106934, "val_acc_epoch": 0.42500001192092896, "val_loss_epoch": 1.0316107273101807, "active_val_acc": 0.42500001192092896, "examples": 2276, "active_val_acc_epoch": 0.42500001192092896, "active_val_loss": 1.0316107273101807, "active_val_loss_epoch": 1.0316107273101807, "test_acc_step": 0.0, "test_loss_step": 1.5086355209350586, "test_acc_epoch": 0.4375, "test_loss_epoch": 1.118423581123352, "_wandb": {"runtime": 189}}