{"train_acc_step": 0.9375, "loss_step": 0.38623806834220886, "epoch": 0, "trainer/global_step": 891, "_runtime": 179, "_timestamp": 1640103119, "_step": 253, "train_acc_epoch": 0.6080948114395142, "loss_epoch": 0.8444580435752869, "val_acc_step": 0.75, "val_loss_step": 0.5820697546005249, "val_acc_epoch": 0.6729294657707214, "val_loss_epoch": 0.7678325176239014, "_wandb": {"runtime": 179}}