{"train_acc_step": 0.375, "loss_step": 1.234813928604126, "epoch": 0, "trainer/global_step": 1249, "_runtime": 440, "_timestamp": 1641996292, "_step": 1668, "train_acc_epoch": 0.6507303714752197, "loss_epoch": 0.8037692308425903, "val_acc_step": 1.0, "val_loss_step": 0.15502743422985077, "val_acc_epoch": 0.6426164507865906, "val_loss_epoch": 0.8153644800186157, "active_val_acc": 0.6426164507865906, "examples": 6766, "active_val_acc_epoch": 0.6426164507865906, "active_val_loss": 0.8153644800186157, "active_val_loss_epoch": 0.8153644800186157}