{"train_acc_step": 0.6875, "loss_step": 0.5323097705841064, "epoch": 0, "trainer/global_step": 13248, "_runtime": 2591, "_timestamp": 1640109567, "_step": 1904, "train_acc_epoch": 0.6857030391693115, "loss_epoch": 0.7176307439804077, "val_acc_step": 0.75, "val_loss_step": 0.5232852101325989, "val_acc_epoch": 0.7134146094322205, "val_loss_epoch": 0.7594451904296875, "active_val_acc": 0.7134146094322205, "examples": 35611, "active_val_acc_epoch": 0.7134146094322205, "active_val_loss": 0.7594451904296875, "active_val_loss_epoch": 0.7594451904296875, "test_acc_step": 0.9090909361839294, "test_loss_step": 0.42411068081855774, "test_acc_epoch": 0.6944290399551392, "test_loss_epoch": 0.7932355999946594, "_wandb": {"runtime": 2592}}