{"train_acc_step": 0.625, "loss_step": 0.9027186632156372, "epoch": 0, "trainer/global_step": 558, "_runtime": 187, "_timestamp": 1640115017, "_step": 139, "train_acc_epoch": 0.40428322553634644, "loss_epoch": 1.0780881643295288, "val_acc_step": 1.0, "val_loss_step": 0.7877593040466309, "val_acc_epoch": 0.637499988079071, "val_loss_epoch": 0.8550339937210083, "active_val_acc": 0.637499988079071, "examples": 2276, "active_val_acc_epoch": 0.637499988079071, "active_val_loss": 0.8550339937210083, "active_val_loss_epoch": 0.8550339937210083, "test_acc_step": 0.0, "test_loss_step": 1.5574164390563965, "test_acc_epoch": 0.4625000059604645, "test_loss_epoch": 0.9936717748641968, "_wandb": {"runtime": 189}}