{"train_acc_epoch": 0.3782467544078827, "loss_epoch": 1.1268463134765625, "epoch": 0, "trainer/global_step": 51, "_runtime": 134, "_timestamp": 1640169020, "_step": 55, "val_acc_step": 0.1666666716337204, "val_loss_step": 1.2803338766098022, "val_acc_epoch": 0.1666666716337204, "val_loss_epoch": 1.2803338766098022, "active_val_acc": 0.1666666716337204, "examples": 167, "active_val_acc_epoch": 0.1666666716337204, "active_val_loss": 1.2803338766098022, "active_val_loss_epoch": 1.2803338766098022, "train_acc_step": 0.375, "loss_step": 1.1472115516662598, "test_acc_step": 0.5, "test_loss_step": 1.0172234773635864, "test_acc_epoch": 0.5, "test_loss_epoch": 1.0172234773635864, "_wandb": {"runtime": 135}}