{"train_acc_step": 0.125, "loss_step": 1.3503284454345703, "epoch": 0, "trainer/global_step": 3789, "_runtime": 982, "_timestamp": 1640170447, "_step": 1312, "train_acc_epoch": 0.6307960748672485, "loss_epoch": 0.8098893165588379, "val_acc_step": 1.0, "val_loss_step": 0.2726590633392334, "val_acc_epoch": 0.675230085849762, "val_loss_epoch": 0.7961438894271851, "active_val_acc": 0.675230085849762, "examples": 14308, "active_val_acc_epoch": 0.675230085849762, "active_val_loss": 0.7961438894271851, "active_val_loss_epoch": 0.7961438894271851}