{"train_acc_step": 0.3125, "loss_step": 1.0660057067871094, "epoch": 0, "trainer/global_step": 85, "_runtime": 81, "_timestamp": 1640180451, "_step": 41, "train_acc_epoch": 0.38161763548851013, "loss_epoch": 1.1093453168869019, "val_acc_step": 1.0, "val_loss_step": 0.9853519201278687, "val_acc_epoch": 0.4722222089767456, "val_loss_epoch": 1.085266351699829, "active_val_acc": 0.4722222089767456, "examples": 1352, "active_val_acc_epoch": 0.4722222089767456, "active_val_loss": 1.085266351699829, "active_val_loss_epoch": 1.085266351699829}