{"train_acc_step": 0.8125, "loss_step": 0.6834115386009216, "epoch": 0, "trainer/global_step": 3139, "_runtime": 691, "_timestamp": 1640110889, "_step": 570, "train_acc_epoch": 0.6223942637443542, "loss_epoch": 0.8194690346717834, "val_acc_step": 1.0, "val_loss_step": 0.2863687574863434, "val_acc_epoch": 0.6737805008888245, "val_loss_epoch": 0.7683187127113342, "active_val_acc": 0.6737805008888245, "examples": 16381, "active_val_acc_epoch": 0.6737805008888245, "active_val_loss": 0.7683187127113342, "active_val_loss_epoch": 0.7683187127113342}