{"train_acc_step": 0.375, "loss_step": 1.0723280906677246, "epoch": 0, "trainer/global_step": 558, "_runtime": 194, "_timestamp": 1640114546, "_step": 139, "train_acc_epoch": 0.40909090638160706, "loss_epoch": 1.0783215761184692, "val_acc_step": 0.0, "val_loss_step": 1.2676386833190918, "val_acc_epoch": 0.42500001192092896, "val_loss_epoch": 1.0216472148895264, "active_val_acc": 0.42500001192092896, "examples": 2276, "active_val_acc_epoch": 0.42500001192092896, "active_val_loss": 1.0216472148895264, "active_val_loss_epoch": 1.0216472148895264, "test_acc_step": 0.0, "test_loss_step": 1.3093616962432861, "test_acc_epoch": 0.375, "test_loss_epoch": 1.038379430770874, "_wandb": {"runtime": 194}}