{"train_acc_step": 0.8125, "loss_step": 0.5527579188346863, "epoch": 0, "trainer/global_step": 891, "_runtime": 188, "_timestamp": 1641984723, "_step": 185, "train_acc_epoch": 0.599045991897583, "loss_epoch": 0.8607798218727112, "val_acc_step": 0.875, "val_loss_step": 0.45773622393608093, "val_acc_epoch": 0.6859662532806396, "val_loss_epoch": 0.7459194660186768, "active_val_acc": 0.6859662532806396, "examples": 14244, "active_val_acc_epoch": 0.6859662532806396, "active_val_loss": 0.7459194660186768, "active_val_loss_epoch": 0.7459194660186768, "_wandb": {"runtime": 1916}}