{"train_acc_step": 0.5625, "loss_step": 0.9593987464904785, "epoch": 0, "trainer/global_step": 75, "_runtime": 95, "_timestamp": 1640165081, "_step": 52, "train_acc_epoch": 0.38461539149284363, "loss_epoch": 1.098892092704773, "val_acc_step": 0.0, "val_loss_step": 1.4050204753875732, "val_acc_epoch": 0.2750000059604645, "val_loss_epoch": 1.1882784366607666, "active_val_acc": 0.2750000059604645, "examples": 404, "active_val_acc_epoch": 0.2750000059604645, "active_val_loss": 1.1882784366607666, "active_val_loss_epoch": 1.1882784366607666, "_wandb": {"runtime": 109}}