{"train_acc_step": 0.5625, "loss_step": 0.8170625567436218, "epoch": 0, "trainer/global_step": 446, "_runtime": 107, "_timestamp": 1640252133, "_step": 95, "train_acc_epoch": 0.5681053996086121, "loss_epoch": 0.9127397537231445, "val_acc_step": 0.75, "val_loss_step": 0.5621988773345947, "val_acc_epoch": 0.6402438879013062, "val_loss_epoch": 0.8397740721702576, "active_val_acc": 0.6402438879013062, "examples": 7122, "active_val_acc_epoch": 0.6402438879013062, "active_val_loss": 0.8397740721702576, "active_val_loss_epoch": 0.8397740721702576, "_wandb": {"runtime": 504}}