{"train_acc_step": 0.9791666865348816, "loss_step": 0.17550377547740936, "epoch": 0, "trainer/global_step": 7689, "_runtime": 3454, "_timestamp": 1642003354, "_step": 2371, "train_acc_epoch": 0.8323355317115784, "loss_epoch": 0.463643342256546, "val_acc_step": 0.8611111044883728, "val_loss_step": 0.42930909991264343, "val_acc_epoch": 0.7167840600013733, "val_loss_epoch": 0.7008958458900452, "active_val_acc": 0.7167840600013733, "examples": 91164, "active_val_acc_epoch": 0.7167840600013733, "active_val_loss": 0.7008958458900452, "active_val_loss_epoch": 0.7008958458900452, "test_acc_step": 0.7777777910232544, "test_loss_step": 0.4490388333797455, "test_acc_epoch": 0.7150225043296814, "test_loss_epoch": 0.6907915472984314, "_wandb": {"runtime": 3455}}