{"train_acc_step": 0.4375, "loss_step": 1.040442705154419, "epoch": 0, "trainer/global_step": 51, "_runtime": 17, "_timestamp": 1640102661, "_step": 6, "train_acc_epoch": 0.3125, "loss_epoch": 1.1535756587982178, "_wandb": {"runtime": 18}}