{"train_acc_step": 0.75, "loss_step": 0.705965518951416, "epoch": 0, "trainer/global_step": 890, "_runtime": 176, "_timestamp": 1640102923, "_step": 253, "val_acc_step": 0.75, "val_loss_step": 0.5055748224258423, "val_acc_epoch": 0.6748466491699219, "val_loss_epoch": 0.7513154149055481, "train_acc_epoch": 0.6005892157554626, "loss_epoch": 0.8491191864013672, "_wandb": {"runtime": 177}}