{"train_acc_step": 0.8125, "loss_step": 0.5527579188346863, "epoch": 0, "trainer/global_step": 891, "_runtime": 212, "_timestamp": 1642004493, "_step": 838, "train_acc_epoch": 0.599045991897583, "loss_epoch": 0.8607798218727112, "val_acc_step": 0.5, "val_loss_step": 0.6205662488937378, "val_acc_epoch": 0.6775428652763367, "val_loss_epoch": 0.7468023300170898, "active_val_acc": 0.6775428652763367, "examples": 14244, "active_val_acc_epoch": 0.6775428652763367, "active_val_loss": 0.7468023300170898, "active_val_loss_epoch": 0.7468023300170898}