{"train_acc_step": 0.8333333134651184, "loss_step": 0.4413869380950928, "epoch": 0, "trainer/global_step": 891, "_runtime": 402, "_timestamp": 1642003925, "_step": 838, "train_acc_epoch": 0.6023886799812317, "loss_epoch": 0.8482686281204224, "val_acc_step": 1.0, "val_loss_step": 0.08086583018302917, "val_acc_epoch": 0.6744319200515747, "val_loss_epoch": 0.7664799690246582, "active_val_acc": 0.6744319200515747, "examples": 14244, "active_val_acc_epoch": 0.6744319200515747, "active_val_loss": 0.7664799690246582, "active_val_loss_epoch": 0.7664799690246582}