{"active_val_acc": 0.675423800945282, "examples": 14244, "_runtime": 113, "_timestamp": 1642004153, "_step": 3, "active_val_acc_epoch": 0.675423800945282, "active_val_loss": 0.726819634437561, "active_val_loss_epoch": 0.726819634437561}